source,target
@inmediaref,@pypi_updates
@inmediaref,@dan_abramov
@inmediaref,@googleresearch
@inmediaref,@CERN
@inmediaref,@IamSusanLewis
@inmediaref,@mante
@inmediaref,@MongoDB
@inmediaref,@EvanSinar
@inmediaref,@FrederickRolfe
@inmediaref,@Gephi
@inmediaref,@kdnuggets
@inmediaref,@googledevs
@inmediaref,@GrowthHackersUK
@inmediaref,@doctorow
@inmediaref,@TomsHWItalia
@inmediaref,@Recode
@inmediaref,@SaraDurantini
@inmediaref,@planetphp
@inmediaref,@mysociety
@inmediaref,@pureinfographic
@inmediaref,@TheNextWeb
@inmediaref,@kdnuggets
@inmediaref,@metamedia
@inmediaref,@Fotoliberebbcc
@inmediaref,@slicedlime
@inmediaref,@AlbertoMaestri
@inmediaref,@Bill_Kos
@inmediaref,@merix_studio
@inmediaref,@voxdotcom
@inmediaref,@EvanSinar
@inmediaref,@webmastergirl
@inmediaref,@tips_js
@inmediaref,@EvanSinar
@inmediaref,@webmastergirl
@inmediaref,@MongoDB
@inmediaref,@EvanSinar
@inmediaref,@SilviaCriscuoli
@inmediaref,@SilviaCriscuoli
@inmediaref,@TheNextWeb
@inmediaref,@gauss_mc
@inmediaref,@EvanSinar
@inmediaref,@albertocairo
@inmediaref,@scatteredbrainV
@inmediaref,@slashdot
@inmediaref,@EvanSinar
@inmediaref,@WillOremus
@inmediaref,@EvanSinar
@inmediaref,@duckduckhack
@inmediaref,@cicap
@inmediaref,@Recode
@inmediaref,@smashingmag
@inmediaref,@MongoDB
@inmediaref,@jquery_rain
@inmediaref,@plarium
@inmediaref,@shivkumarganesh
@inmediaref,@VDfUSphQKgLBgPN
@inmediaref,@battal_teacher
@inmediaref,@AIGA_Nebraska
@inmediaref,@gbonanome
@inmediaref,@doctorow
@inmediaref,@SilviaCriscuoli
@inmediaref,@_arianna
@inmediaref,@fraenrico
@inmediaref,@MoreNilesh
@inmediaref,@BestSQL
@inmediaref,@trainingstack
@inmediaref,@FrederickRolfe
@inmediaref,@SilviaCriscuoli
@inmediaref,@letiziasechi
@inmediaref,@InfonomicsToday
@inmediaref,@dweinberger
@inmediaref,@JoeGermuska
@inmediaref,@Day_Order
@inmediaref,@rundavidrun
@inmediaref,@slashdot
@inmediaref,@mholzschlag
@inmediaref,@Snowden
@inmediaref,@markwschaefer
@inmediaref,@smashingmag
@inmediaref,@mariovejlupek
@inmediaref,@JavaScriptDaily
@inmediaref,@CodemotionIT
@inmediaref,@faveromarco
@inmediaref,@paulg
@inmediaref,@dweinberger
@inmediaref,@verge
@inmediaref,@pranjalksingh
@inmediaref,@DatavizNews
@inmediaref,@FrederickRolfe
@inmediaref,@mrphs
@inmediaref,@noxymo
@inmediaref,@rankade
@inmediaref,@lib_papers
@inmediaref,@SilviaCriscuoli
@inmediaref,@OhMyLittleData
@inmediaref,@JimMcKeeth
@inmediaref,@InfonomicsToday
@inmediaref,@zeldman
@inmediaref,@FrederickRolfe
@inmediaref,@_danilo
@inmediaref,@abrightmoore
@inmediaref,@SilviaCriscuoli
@inmediaref,@MSDTechNews
@inmediaref,@BuzzFeedNews
@inmediaref,@kesbutters
@inmediaref,@SilviaCriscuoli
@inmediaref,@SilviaCriscuoli
@inmediaref,@Abby_the_IA
@inmediaref,@atomotic
@inmediaref,@co_garreau
@inmediaref,@dukbcaaj
@inmediaref,@COANelmejor
@inmediaref,@annemener
@inmediaref,@BuzzFeedNews
@inmediaref,@openculture
@inmediaref,@creativebeacon
@inmediaref,@DirittiDem
@inmediaref,@BCG
@inmediaref,@pycoders
@inmediaref,@aaronix
@inmediaref,@merapps
@inmediaref,@diritto2punto0
@inmediaref,@Linkiesta
@inmediaref,@Toinito
@inmediaref,@zeldman
@inmediaref,@sengineland
@inmediaref,@FrederickRolfe
@inmediaref,@seinecle
@inmediaref,@drikting
@inmediaref,@kayiwa
@inmediaref,@seanmcarroll
@inmediaref,@DesignFInternet
@inmediaref,@sadewowtito
@inmediaref,@interacting
@inmediaref,@hendorf
@inmediaref,@chefuturo
@inmediaref,@azat_co
@inmediaref,@mc_lavazza
@inmediaref,@webdirections
@inmediaref,@AnonTechOps
@inmediaref,@jimsterne
@inmediaref,@mbostock
@inmediaref,@GalaxyKate
@inmediaref,@daviddaileysru
@inmediaref,@PythonWeekly
@inmediaref,@treecasiano
@inmediaref,@lakowskidigital
@inmediaref,@aubreymcfato
@inmediaref,@k_zoltan
@inmediaref,@fraenrico
@inmediaref,@fraenrico
@inmediaref,@magomimmo
@inmediaref,@LaMaciadeiLibri
@inmediaref,@expand_media
@inmediaref,@JuntaeDeLane
@inmediaref,@fraenrico
@inmediaref,@TheNextWeb
@inmediaref,@smashingmag
@inmediaref,@JavaScriptDaily
@inmediaref,@OpenRefine
@inmediaref,@riquellopes
@inmediaref,@TopDjangoNews
@inmediaref,@DataMediaHub
@inmediaref,@pypi_updates
@inmediaref,@AskSaikatSinha
@inmediaref,@InfonomicsToday
@inmediaref,@EvanSinar
@inmediaref,@M_L_O_L
@inmediaref,@fraenrico
@inmediaref,@fraenrico
@inmediaref,@dmlab
@inmediaref,@Social_Media_IT
@inmediaref,@NathanJCowan
@inmediaref,@domitilla
@inmediaref,@fraenrico
@inmediaref,@polinode
@inmediaref,@avinash
@inmediaref,@phpstormbriefs
@inmediaref,@infodocket
@inmediaref,@PRISMOMAG
@inmediaref,@uxpin
@inmediaref,@GillaFiume
@inmediaref,@smashingmag
@inmediaref,@alescarazzato
@inmediaref,@belgiumweb
@inmediaref,@14fra_de
@inmediaref,@webdesignledger
@inmediaref,@newsycombinator
@inmediaref,@HuffPostTech
@inmediaref,@socialmedia2day
@inmediaref,@i_robin
@inmediaref,@markwschaefer
@inmediaref,@ComputerWeekly
@inmediaref,@mcfarioli
@inmediaref,@myusuf3
@inmediaref,@TheNextWeb
@inmediaref,@lucacorsato
@inmediaref,@sari_feldman
@inmediaref,@lumachino78
@inmediaref,@valeriabaudo
@inmediaref,@valeriabaudo
@inmediaref,@FrederickRolfe
@inmediaref,@silfranck
@inmediaref,@M_L_O_L
@inmediaref,@Ask_Librarian
@inmediaref,@Ask_Librarian
@inmediaref,@FrederickRolfe
@inmediaref,@AirbnbHelp
@inmediaref,@MirkoBonanni
@inmediaref,@QueriniVenezia
@inmediaref,@valeriabaudo
@inmediaref,@DeboraMapelli
@inmediaref,@aureooitalia
@inmediaref,@lumachino78
@inmediaref,@giulio_blasi
@inmediaref,@lumachino78
@inmediaref,@valeriabaudo
@inmediaref,@valeriabaudo
@inmediaref,@angloventriglia
@inmediaref,@lucacorsato
@inmediaref,@valeriabaudo
@inmediaref,@lucacorsato
@inmediaref,@valeriabaudo
@inmediaref,@JavaScriptDaily
@inmediaref,@roncaglia
@inmediaref,@FondazioneBeic
@inmediaref,@M_L_O_L
@inmediaref,@valeriabaudo
@inmediaref,@catalaniluigi
@inmediaref,@catalaniluigi
@inmediaref,@silfranck
@inmediaref,@pasqborriello
@inmediaref,@catalaniluigi
@inmediaref,@Paola_Barsotti
@inmediaref,@fraenrico
@inmediaref,@___agata___
@inmediaref,@Maplethorpej
@inmediaref,@CodemotionIT
@inmediaref,@slashdot
@inmediaref,@lauratests
@inmediaref,@ggreenwald
@inmediaref,@RiccardoPerini
@inmediaref,@ihr_history
@inmediaref,@twitter
@inmediaref,@andreweland
@inmediaref,@UpSearchSocial
@inmediaref,@MirkoBonanni
@inmediaref,@M_L_O_L
@inmediaref,@PizzolatoGiulia
@inmediaref,@johngoode
@inmediaref,@LaSagitta
@inmediaref,@zeldman
@inmediaref,@Oatmeal
@inmediaref,@UpSearchSocial
@inmediaref,@SocioVizNet
@inmediaref,@JSauveFS
@inmediaref,@CodemotionIT
@inmediaref,@KirkDBorne
@inmediaref,@BigDataSocial
@inmediaref,@Inc
@inmediaref,@tableau
@inmediaref,@BigdataProfiles
@inmediaref,@KirkDBorne
@inmediaref,@KirkDBorne
@inmediaref,@atomotic
@inmediaref,@boagworld
@inmediaref,@kdnuggets
@inmediaref,@avinash
@inmediaref,@UpSearchSocial
@inmediaref,@doctorow
@inmediaref,@gbonanome
@inmediaref,@fede_guerrini
@inmediaref,@valeriopel
@inmediaref,@CMIContent
@inmediaref,@JavaScriptKicks
@inmediaref,@aubreymcfato
@inmediaref,@paultaylor1001
@inmediaref,@dweinberger
@inmediaref,@Snowden
@inmediaref,@InfonomicsToday
@inmediaref,@RaiCultura
@inmediaref,@NdrCcc
@inmediaref,@NdrCcc
@inmediaref,@rmondello
@inmediaref,@NdrCcc
@inmediaref,@lukew
@inmediaref,@InfonomicsToday
@inmediaref,@catalaniluigi
@inmediaref,@FrederickRolfe
@inmediaref,@EngageSB
@inmediaref,@KirkDBorne
@inmediaref,@KirkDBorne
@inmediaref,@fabiochiusi
@inmediaref,@Recode
@inmediaref,@creativebeacon
@inmediaref,@siobhan_grayson
@inmediaref,@siobhan_grayson
@inmediaref,@gshipley
@inmediaref,@ReteBibRomagna
@inmediaref,@MirkoBonanni
@inmediaref,@EvanSinar
@inmediaref,@nuppolina
@inmediaref,@ProjectJupyter
@inmediaref,@torstenmohrbach
@inmediaref,@newsycombinator
@inmediaref,@KirkDBorne
@inmediaref,@MirkoBonanni
@inmediaref,@Socioboard
@inmediaref,@EvanSinar
@inmediaref,@annhandley
@inmediaref,@annhandley
@inmediaref,@opensourceway
@inmediaref,@sereprz
@inmediaref,@sereprz
@inmediaref,@PollyKoala
@inmediaref,@lukaborghi
@inmediaref,@LollyDaskal
@inmediaref,@hnshah
@inmediaref,@stephanies
@inmediaref,@Shuyin_ben
@inmediaref,@rankade
@inmediaref,@googleart
@inmediaref,@GeorgeLudwigBiz
@inmediaref,@fraenrico
@inmediaref,@SMBCComics
@inmediaref,@NewsParER
@inmediaref,@TaylorInstLabs
@inmediaref,@IonicaBizau
@inmediaref,@KirkDBorne
@inmediaref,@jpcortinhas
@inmediaref,@roncaglia
@inmediaref,@dontyna
@inmediaref,@lucacorsato
@inmediaref,@polygraphing
@inmediaref,@DavidHaskiya
@inmediaref,@kdnuggets
@inmediaref,@fraenrico
@inmediaref,@aubreymcfato
@inmediaref,@FrederickRolfe
@inmediaref,@paldhous
@inmediaref,@FOEnews
@inmediaref,@christianbarra
@inmediaref,@Europeanaeu
@inmediaref,@virnatwit
@inmediaref,@Europeanaeu
@inmediaref,@kp_tweets
@inmediaref,@Joseph_Hsiao_
@inmediaref,@TomorrowData
@inmediaref,@apogeonline
@inmediaref,@annaraven
@inmediaref,@NephilaIt
@inmediaref,@SanGiorgioPT
@inmediaref,@leriomaggio
@inmediaref,@lucacorsato
@inmediaref,@NephilaIt
@inmediaref,@unimib
@inmediaref,@TommasoDiRino
@inmediaref,@fraenrico
@inmediaref,@fraenrico
@inmediaref,@christianbarra
@inmediaref,@nicolaiarocci
@inmediaref,@nicolaiarocci
@inmediaref,@nicolaiarocci
@inmediaref,@_geniodelmale
@inmediaref,@kdnuggets
@inmediaref,@tw_lgiordani
@inmediaref,@_opencode
@inmediaref,@ladybiss
@inmediaref,@DeboraMapelli
@inmediaref,@DeboraMapelli
@inmediaref,@thefreak81
@inmediaref,@ladybiss
@inmediaref,@djangogirlsIT
@inmediaref,@GreenApesJungle
@inmediaref,@yakkys
@inmediaref,@_opencode
@inmediaref,@yakkys
@inmediaref,@coderdojobza
@inmediaref,@leonardo_cecchi
@inmediaref,@DeboraMapelli
@inmediaref,@KirkDBorne
@inmediaref,@hendorf
@inmediaref,@hendorf
@inmediaref,@alessandrocucci
@inmediaref,@DeboraMapelli
@inmediaref,@data_hope
@inmediaref,@cstrap
@inmediaref,@cacoteo
@inmediaref,@nicolaiarocci
@inmediaref,@asdmaster
@inmediaref,@Chuck_Moeller
@inmediaref,@cstrap
@inmediaref,@JavaScriptDaily
@inmediaref,@avinash
@inmediaref,@ericbonfadini
@inmediaref,@zeldman
@inmediaref,@KirkDBorne
@inmediaref,@Chuck_Moeller
@inmediaref,@fraenrico
@inmediaref,@gbonanome
@inmediaref,@kdnuggets
@inmediaref,@KirkDBorne
@inmediaref,@simplymeasured
@inmediaref,@mante
@inmediaref,@andreamangia
@inmediaref,@hendorf
@inmediaref,@AgencyPlatform
@inmediaref,@paulund
@inmediaref,@CERN
@inmediaref,@TomorrowData
@inmediaref,@EvanSinar
@inmediaref,@fraenrico
@inmediaref,@fraenrico
@inmediaref,@DjangoVillage
@inmediaref,@InfonomicsToday
@inmediaref,@TheNextWeb
@inmediaref,@trainingstack
@inmediaref,@trainingstack
@inmediaref,@jonnylongden
@inmediaref,@USNatArchives
@inmediaref,@developerWorks
@inmediaref,@sporing
@inmediaref,@trainingstack
@inmediaref,@analyticbridge
@inmediaref,@LivanAlonso
@inmediaref,@kdnuggets
@inmediaref,@cecilialiao
@inmediaref,@djangostars
@inmediaref,@RobertoVjlla
@inmediaref,@arstechnica
@inmediaref,@SignoraRamsay
@inmediaref,@HacksHackersVE
@inmediaref,@lucacorsato
@inmediaref,@ErikaDeBortoli
@inmediaref,@HacksHackersVE
@inmediaref,@webdesignledger
@inmediaref,@SpazioDati
@inmediaref,@Roger_M_Taylor
@inmediaref,@Roger_M_Taylor
@inmediaref,@fraenrico
@inmediaref,@GrandjeanMartin
@inmediaref,@FrederickRolfe
@inmediaref,@Gazzettino
@inmediaref,@PythonWeekly
@inmediaref,@fedebadaloni
@inmediaref,@Ananyo
@inmediaref,@CILIPinfo
@inmediaref,@kdnuggets
@inmediaref,@Montecitorio
@inmediaref,@Highcharts
@inmediaref,@lucacorsato
@inmediaref,@SanGiorgioPT
@inmediaref,@SanGiorgioPT
@inmediaref,@avinash
@inmediaref,@lucacorsato
@inmediaref,@lucacorsato
@inmediaref,@gunnarooo
@inmediaref,@lucacorsato
@inmediaref,@kdnuggets
@inmediaref,@Mark_Graph
@inmediaref,@pycoders
@inmediaref,@KirkDBorne
@inmediaref,@chefuturo
@inmediaref,@manjusrii
@inmediaref,@KirkDBorne
@inmediaref,@davidwalshblog
@inmediaref,@M_L_O_L
@inmediaref,@ThomasKoller
@inmediaref,@jklp
@inmediaref,@djfumberger
@inmediaref,@pycoders
@inmediaref,@DatavizNews
@inmediaref,@SpazioDati
@inmediaref,@Highcharts
@inmediaref,@atomotic
@inmediaref,@AntlerGames
@inmediaref,@kscottz
@inmediaref,@IE_BigData
@inmediaref,@fullstackpython
@inmediaref,@codinghorror
@inmediaref,@sengineland
@inmediaref,@jayrosen_nyu
@inmediaref,@ReaderMeter
@inmediaref,@treycausey
@inmediaref,@MirkoBonanni
@inmediaref,@360Com_Growing
@inmediaref,@DubPortal
@inmediaref,@PythonEggs
@inmediaref,@InfonomicsToday
@inmediaref,@Johartz
@inmediaref,@duckduckgo
@inmediaref,@PythonWeekly
@inmediaref,@fraenrico
@inmediaref,@jessfraz
@inmediaref,@lucacorsato
@inmediaref,@artribune
@inmediaref,@randal_olson
@inmediaref,@annhandley
@inmediaref,@angloventriglia
@inmediaref,@MikeCodesDotNet
@inmediaref,@PythonWeekly
@inmediaref,@PythonWeekly
@inmediaref,@angloventriglia
@inmediaref,@alphr
@inmediaref,@brembs
@inmediaref,@kennethlove
@inmediaref,@lucacorsato
@inmediaref,@AngularJS_News
@inmediaref,@matt_fortini
@inmediaref,@KirkDBorne
@inmediaref,@Slychief
@inmediaref,@Objective_Neo
@inmediaref,@pycharm
@inmediaref,@sagarkm
@inmediaref,@atwookie
@inmediaref,@follow_hashtag
@inmediaref,@kjam
@inmediaref,@kjam
@inmediaref,@UpSearchSocial
@inmediaref,@ThePracticalDev
@inmediaref,@BuzzFeedNews
@inmediaref,@kjam
@inmediaref,@randal_olson
@inmediaref,@kaanyilgin
@inmediaref,@Jaguard
@inmediaref,@atomotic
@inmediaref,@derobbio
@inmediaref,@lucacorsato
@inmediaref,@atomotic
@inmediaref,@fraenrico
@inmediaref,@ezraklein
@inmediaref,@sergiomaistrello
@inmediaref,@gvanrossum
@inmediaref,@fullstackpython
@inmediaref,@wpmudev
@inmediaref,@lucacorsato
@inmediaref,@alf_crisci
@inmediaref,@alf_crisci
@inmediaref,@lucacorsato
@inmediaref,@lucacorsato
@inmediaref,@alf_crisci
@inmediaref,@treyhunner
@inmediaref,@EvanSinar
@inmediaref,@wesmckinn
@inmediaref,@RobRe62
@inmediaref,@pycoders
@inmediaref,@Jarinjove
@inmediaref,@fraenrico
@inmediaref,@derobbio
@inmediaref,@trainingstack
@inmediaref,@fraenrico
@inmediaref,@Pinboard
@inmediaref,@FrancesDiBi
@inmediaref,@__mharrison__
@inmediaref,@python_programm
@inmediaref,@angular2paris
@inmediaref,@pypi_updates2
@inmediaref,@jenstirrup
@inmediaref,@NAChristakis
@inmediaref,@sparkcodeuk
@inmediaref,@sparkcodeuk
@inmediaref,@billdetwiler
@inmediaref,@mark_lishman
@inmediaref,@DBaker007
@inmediaref,@DBaker007
@inmediaref,@sciremotesense
@inmediaref,@ContinuumIO
@inmediaref,@yo_bj
@inmediaref,@medejean
@inmediaref,@pasqborriello
@inmediaref,@kdnuggets
@inmediaref,@CristianCantoro
@inmediaref,@jquery_rain
@inmediaref,@lucacorsato
@inmediaref,@Roger_M_Taylor
@inmediaref,@pablodeeleman
@inmediaref,@swordmaven
@inmediaref,@DataconomyMedia
@inmediaref,@dataquestio
@inmediaref,@randal_olson
@inmediaref,@UpSearchSocial
@inmediaref,@23cose
@inmediaref,@MasonicHacker
@inmediaref,@dbeniwal21
@inmediaref,@alexip
@inmediaref,@PythonMilano
@inmediaref,@fraenrico
@inmediaref,@FrederickRolfe
@inmediaref,@fraenrico
@inmediaref,@pycoders
@inmediaref,@pycoders
@inmediaref,@DataIsBeautiful
@inmediaref,@juristr
@inmediaref,@hacker_news_hir
@inmediaref,@lumachino78
@inmediaref,@lumachino78
@inmediaref,@lucacorsato
@inmediaref,@AngularJS_News
@inmediaref,@lumachino78
@inmediaref,@lucacorsato
@inmediaref,@lumachino78
@inmediaref,@angloventriglia
@inmediaref,@lucacorsato
@inmediaref,@lucacorsato
@inmediaref,@davewiner
@inmediaref,@zeldman
@inmediaref,@lucacorsato
@inmediaref,@StfBauer
@inmediaref,@JustGlowing
@inmediaref,@TextMining_r
@inmediaref,@SteveKerrFor3
@inmediaref,@BigDataSocial
@inmediaref,@HRTechMagazine
@inmediaref,@ContinuumIO
@inmediaref,@DatavizNews
@inmediaref,@AngularJS_News
@inmediaref,@carolafrediani
@inmediaref,@unicodeveloper
@inmediaref,@randal_olson
@inmediaref,@FrankFormisano
@inmediaref,@mediacurrent
@inmediaref,@lucacorsato
@inmediaref,@Dries
@inmediaref,@JavascriptBot_
@inmediaref,@TextMining_r
@inmediaref,@Fluent_Apps
@inmediaref,@linclark
@inmediaref,@EvanSinar
@inmediaref,@acquia
@inmediaref,@TextMining_r
@inmediaref,@ContinuumIO
@inmediaref,@randal_olson
@inmediaref,@fraenrico
@inmediaref,@TextMining_r
@inmediaref,@drupby
@inmediaref,@aeonmag
@inmediaref,@marchitelli
@inmediaref,@EvanSinar
@inmediaref,@randal_olson
@inmediaref,@anne_bergen
@inmediaref,@ImogenMathers
@inmediaref,@aubreymcfato
@inmediaref,@ContinuumIO
@inmediaref,@dvajseidva
@inmediaref,@python_programm
@inmediaref,@drupalcore
@inmediaref,@datiobd
@inmediaref,@brandonstaggs
@inmediaref,@TextMining_r
@inmediaref,@triplebytes
@inmediaref,@lukew
@inmediaref,@mlolplus
@inmediaref,@fraenrico
@inmediaref,@treyhunner
@inmediaref,@AngularClass
@inmediaref,@codinghorror
@inmediaref,@AlessandroZonin
@inmediaref,@skande
@inmediaref,@joshuatopolsky
@inmediaref,@azat_co
@inmediaref,@isaach
@inmediaref,@lucacorsato
@inmediaref,@derobbio
@inmediaref,@randal_olson
@inmediaref,@SancasDev
@inmediaref,@datiobd
@inmediaref,@KirkDBorne
@inmediaref,@lucacorsato
@inmediaref,@raimondiand
@inmediaref,@kyran_dale
@inmediaref,@VanRijmenam
@inmediaref,@PrivacyCampfire
@inmediaref,@aubreymcfato
@inmediaref,@kjam
@inmediaref,@randal_olson
@inmediaref,@treyhunner
@inmediaref,@gaborhojtsy
@inmediaref,@learncoding99
@inmediaref,@FreeEbooksPP
@inmediaref,@nyusteinhardt
@inmediaref,@pmddomingos
@inmediaref,@datiobd
@inmediaref,@MirumAgency
@inmediaref,@treyhunner
@inmediaref,@gp_pulipaka
@inmediaref,@M_L_O_L
@inmediaref,@AlexCEngler
@inmediaref,@ContinuumIO
@inmediaref,@tyleransom
@inmediaref,@ModeAnalytics
@inmediaref,@lucacorsato
@inmediaref,@neo4j
@inmediaref,@minimaxir
@inmediaref,@FrederickRolfe
@inmediaref,@KirkDBorne
@inmediaref,@DiscoverSDKs
@inmediaref,@CosimoAccoto
@inmediaref,@vikasjee
@inmediaref,@FrederickRolfe
@inmediaref,@pycoders
@inmediaref,@jambay
@inmediaref,@cshirky
@inmediaref,@EndSummerCamp
@inmediaref,@ThoHeller
@inmediaref,@TextMining_r
@inmediaref,@scomunicatore
@inmediaref,@scomunicatore
@inmediaref,@M_L_O_L
@inmediaref,@aubreymcfato
@inmediaref,@tecmint
@inmediaref,@Rehanimate
@inmediaref,@violebertolini
@inmediaref,@lucacorsato
@inmediaref,@efeatherston
@inmediaref,@efeatherston
@inmediaref,@ArchitectaIA
@inmediaref,@mozilla
@inmediaref,@DeepMindAI
@inmediaref,@mante
@inmediaref,@amcdnl
@inmediaref,@angularjs
@inmediaref,@JavaScriptKicks
@inmediaref,@GlennF
@inmediaref,@aborruso
@inmediaref,@fraenrico
@inmediaref,@CrucialBits
@inmediaref,@efeatherston
@inmediaref,@fraenrico
@inmediaref,@KaedeHisao
@inmediaref,@MattAndersonUT
@inmediaref,@TheHackersNews
@inmediaref,@M_L_O_L
@inmediaref,@maybeleo
@inmediaref,@ProjectXLtd
@inmediaref,@myusuf3
@inmediaref,@python_programm
@inmediaref,@devbattles
@inmediaref,@M_L_O_L
@inmediaref,@javedalloo
@inmediaref,@M_L_O_L
@inmediaref,@biblio_emma
@inmediaref,@Alation
@inmediaref,@lucadebiase
@inmediaref,@socialmedia2day
@inmediaref,@neo4j
@inmediaref,@JeffDSachs
@inmediaref,@sengineland
@inmediaref,@fraenrico
@inmediaref,@commonstyle
@inmediaref,@aubreymcfato
@inmediaref,@PietroGrasso
@inmediaref,@CILIPinfo
@inmediaref,@MattMencarini
@inmediaref,@bigreddot
@inmediaref,@gcosma1
@inmediaref,@torskaar
@inmediaref,@patrickdemaret
@inmediaref,@DJCordhose
@inmediaref,@hendorf
@inmediaref,@ariabuckles
@inmediaref,@PythonWeekly
@inmediaref,@opexxx
@inmediaref,@postenterprise
@inmediaref,@justmarkham
@inmediaref,@fraenrico
@inmediaref,@chriscoyier
@inmediaref,@medejean
@inmediaref,@KirkDBorne
@inmediaref,@mislav
@inmediaref,@raimondiand
@inmediaref,@JavascriptBot_
@inmediaref,@antoniafalcone
@inmediaref,@EnricoVerga
@inmediaref,@python_programm
@inmediaref,@atomotic
@inmediaref,@aubreymcfato
@inmediaref,@angamparashar
@inmediaref,@pandemia
@inmediaref,@voxdotcom
@inmediaref,@rachelbaker
@inmediaref,@PythonQnA
@inmediaref,@drupal
@inmediaref,@Toon
@inmediaref,@paolapala3
@inmediaref,@ML_NLP
@inmediaref,@chriscoyier
@inmediaref,@SilviaCriscuoli
@inmediaref,@ScrapingHub
@inmediaref,@osd_it
@inmediaref,@fraenrico
@inmediaref,@zeldman
@inmediaref,@giulio_blasi
@inmediaref,@lumachino78
@inmediaref,@ofux1
@inmediaref,@M_L_O_L
@inmediaref,@atomotic
@inmediaref,@silfranck
@inmediaref,@M_L_O_L
@inmediaref,@lumachino78
@inmediaref,@silfranck
@inmediaref,@fraenrico
@inmediaref,@M_L_O_L
@inmediaref,@theiapsswalker
@inmediaref,@M_L_O_L
@inmediaref,@osd_it
@inmediaref,@lumachino78
@inmediaref,@M_L_O_L
@inmediaref,@fraenrico
@inmediaref,@M_L_O_L
@inmediaref,@ofux1
@inmediaref,@drigolin
@inmediaref,@M_L_O_L
@inmediaref,@silfranck
@inmediaref,@KirkDBorne
@inmediaref,@medejean
@inmediaref,@phrenci
@inmediaref,@atomotic
@inmediaref,@aubreymcfato
@inmediaref,@fraenrico
@inmediaref,@joshuatopolsky
@inmediaref,@samuelpalin
@inmediaref,@nicolaiarocci
@inmediaref,@gg
@inmediaref,@M_L_O_L
@inmediaref,@silfranck
@inmediaref,@fraenrico
@inmediaref,@laramar_
@inmediaref,@virnatwit
@inmediaref,@lauratests
@inmediaref,@A_L
@inmediaref,@paolapala3
@inmediaref,@born2data
@inmediaref,@M_L_O_L
@inmediaref,@phrenci
@inmediaref,@M_L_O_L
@inmediaref,@M_L_O_L
@inmediaref,@JavascriptBot_
@inmediaref,@ML_NLP
@inmediaref,@chriscoyier
@inmediaref,@fraenrico
@inmediaref,@uxuniversityit
@inmediaref,@ML_NLP
@inmediaref,@ggreenwald
@inmediaref,@phrenci
@inmediaref,@ggreenwald
@inmediaref,@sreejithkumar_s
@inmediaref,@natsilent
@inmediaref,@smashingmag
@inmediaref,@M_L_O_L
@inmediaref,@umaar
@inmediaref,@spaghetti_folks
@inmediaref,@atomotic
@inmediaref,@M_L_O_L
@inmediaref,@stevesilberman
@inmediaref,@Tim_Canova
@inmediaref,@stephen_wolfram
@inmediaref,@stephen_wolfram
@inmediaref,@BL_Learning
@inmediaref,@KirkDBorne
@inmediaref,@feedly
@inmediaref,@FiveThirtyEight
@inmediaref,@phrenci
@inmediaref,@atomotic
@inmediaref,@lucacorsato
@inmediaref,@phrenci
@inmediaref,@TechCrunch
@inmediaref,@marleyvincentL
@inmediaref,@europeanalabs
@inmediaref,@rscano
@inmediaref,@SanGiorgioPT
@inmediaref,@rautsan
@inmediaref,@motherboard
@inmediaref,@osd_it
@inmediaref,@piovonorane
@inmediaref,@KirkDBorne
@inmediaref,@webchick
@inmediaref,@biblio_emma
@inmediaref,@ArsTechnicaUK
@inmediaref,@atomotic
@inmediaref,@Europarl_EN
@inmediaref,@lukew
@inmediaref,@ML_NLP
@inmediaref,@sole24ore
@inmediaref,@M_L_O_L
@inmediaref,@OlivierTassel
@inmediaref,@MongoDB
@inmediaref,@TechCrunch
@inmediaref,@fraenrico
@inmediaref,@atomotic
@inmediaref,@fraenrico
@inmediaref,@cristianodemajo
@inmediaref,@FrederickRolfe
@inmediaref,@NYMag
@inmediaref,@javacodegeeks
@inmediaref,@neo4j
@inmediaref,@chimerasaurus
@inmediaref,@carolafrediani
@inmediaref,@atomotic
@inmediaref,@raimondiand
@inmediaref,@Luca_Preziosi
@inmediaref,@francescocosta
@inmediaref,@thejameskyle
@inmediaref,@EFF
@inmediaref,@M_L_O_L
@inmediaref,@dwhitena
@inmediaref,@Viceitaly
@inmediaref,@gautam
@inmediaref,@stephenhay
@inmediaref,@atomotic
@inmediaref,@atomotic
@inmediaref,@JavaScriptKicks
@inmediaref,@M_L_O_L
@inmediaref,@SpazioDati
@inmediaref,@randal_olson
@inmediaref,@acanimal
@inmediaref,@gp_pulipaka
@inmediaref,@DataIsBeautiful
@inmediaref,@Aelkus
@inmediaref,@ppk
@inmediaref,@fraenrico
@inmediaref,@M_L_O_L
@inmediaref,@fraenrico
@inmediaref,@internetarchive
@inmediaref,@infobeautiful
@inmediaref,@lucacorsato
@inmediaref,@lucacorsato
@inmediaref,@ChiaraBianchini
@inmediaref,@KirkDBorne
@inmediaref,@ElectrekCo
@inmediaref,@smashingmag
@inmediaref,@Scifabric
@inmediaref,@iokat
@inmediaref,@BigSQL
@inmediaref,@smashingmag
@inmediaref,@M_L_O_L
@inmediaref,@FrederickRolfe
@inmediaref,@FrederickRolfe
@inmediaref,@Gephi
@inmediaref,@aubreymcfato
@inmediaref,@python_programm
@inmediaref,@YoStartups
@inmediaref,@jensimmons
@inmediaref,@fabiochiusi
@inmediaref,@mitsuhiko
@inmediaref,@mitsuhiko
@inmediaref,@mitsuhiko
@inmediaref,@jamesrbuk
@inmediaref,@ContinuumIO
@inmediaref,@debcha
@inmediaref,@atomotic
@inmediaref,@pythontrending
@inmediaref,@brianonthescene
@inmediaref,@nlpapico
@inmediaref,@Oatmeal
@inmediaref,@SignoraRamsay
@inmediaref,@torontolibrary
@inmediaref,@fabiochiusi
@inmediaref,@mattmayo13
@inmediaref,@internetarchive
@inmediaref,@PunQuillity
@inmediaref,@Oatmeal
@inmediaref,@aubreymcfato
@inmediaref,@il_tempe
@inmediaref,@mitsuhiko
@inmediaref,@gbonanome
@inmediaref,@VladimirSucha
@inmediaref,@HughRundle
@inmediaref,@mlolplus
@inmediaref,@randal_olson
@inmediaref,@born2data
@inmediaref,@ScottDevTweets
@inmediaref,@ScottDevTweets
@inmediaref,@kdnuggets
@inmediaref,@ScottDevTweets
@inmediaref,@ImDataScientist
@inmediaref,@striphas
@inmediaref,@randal_olson
@inmediaref,@fraenrico
@inmediaref,@randal_olson
@inmediaref,@internetarchive
@inmediaref,@maxlath
@inmediaref,@maxlath
@inmediaref,@Oatmeal
@inmediaref,@lauratests
@inmediaref,@nicolaiarocci
@inmediaref,@storyneedle
@inmediaref,@lucacorsato
@inmediaref,@Hired_HQ
@inmediaref,@albertocairo
@inmediaref,@fraenrico
@inmediaref,@lumachino78
@inmediaref,@lumachino78
@inmediaref,@SciPyTip
@inmediaref,@GuggenheimPGC
@inmediaref,@lumachino78
@inmediaref,@Independent
@inmediaref,@dgouldin
@inmediaref,@randal_olson
@inmediaref,@POTUS44
@inmediaref,@siyafrica
@inmediaref,@betwyll
@inmediaref,@alescarazzato
@inmediaref,@aubreymcfato
@inmediaref,@GillaFiume
@inmediaref,@randal_olson
@inmediaref,@EssereAnimali
@inmediaref,@fraenrico
@inmediaref,@fraenrico
@inmediaref,@SocioVizNet
@inmediaref,@Valerio_Berra
@inmediaref,@randal_olson
@inmediaref,@albertocairo
@inmediaref,@atomotic
@inmediaref,@lumachino78
@inmediaref,@M_L_O_L
@inmediaref,@lazzurs
@inmediaref,@DataIsBeautiful
@inmediaref,@kirill_eremenko
@inmediaref,@mitsuhiko
@inmediaref,@tmarysuma
@inmediaref,@ContinuumIO
@inmediaref,@ContinuumIO
@inmediaref,@lucacorsato
@inmediaref,@antoniafalcone
@inmediaref,@lucacorsato
@inmediaref,@freeCodeCamp
@inmediaref,@2ndhalf_oracle
@inmediaref,@KhaledBeydoun
@inmediaref,@randal_olson
@inmediaref,@mitsuhiko
@inmediaref,@faveromarco
@inmediaref,@FennelAurora
@inmediaref,@verge
@inmediaref,@mlolplus
@inmediaref,@mantia
@inmediaref,@Labbufala
@inmediaref,@mante
@inmediaref,@spinozait
@inmediaref,@techreview
@inmediaref,@techreview
@inmediaref,@petrstehlik
@inmediaref,@ofux1
@inmediaref,@M_L_O_L
@inmediaref,@M_L_O_L
@inmediaref,@SMLabTO
@inmediaref,@pgbovine
@inmediaref,@EU_Commission
@inmediaref,@kirill_eremenko
@inmediaref,@InfonomicsToday
@inmediaref,@DataToViz
@inmediaref,@TANTlab
@inmediaref,@M_L_O_L
@inmediaref,@fraenrico
@inmediaref,@atomotic
@inmediaref,@JavaScriptKicks
@inmediaref,@ThePracticalDev
@inmediaref,@lobsters
@inmediaref,@M_L_O_L
@inmediaref,@gigicogo
@inmediaref,@albertocairo
@inmediaref,@aubreymcfato
@inmediaref,@doctorow
@inmediaref,@davewiner
@inmediaref,@mindspillage
@inmediaref,@aubreymcfato
@inmediaref,@CodeWisdom
@inmediaref,@joshuatopolsky
@inmediaref,@rawgraphs
@inmediaref,@SocioVizNet
@inmediaref,@SocioVizNet
@inmediaref,@AlessandroZonin
@inmediaref,@virnatwit
@inmediaref,@fraenrico
@inmediaref,@abmakulec
@inmediaref,@entertheduffer
@inmediaref,@NerinaFinetto
@inmediaref,@FrederickRolfe
@inmediaref,@FrederickRolfe
@inmediaref,@kaggle
@inmediaref,@SciPyTip
@inmediaref,@Grady_Booch
@inmediaref,@NdrCcc
@inmediaref,@ArsTechnicaUK
@inmediaref,@fraenrico
@inmediaref,@techreview
@inmediaref,@M_L_O_L
@inmediaref,@M_L_O_L
@inmediaref,@jeanneliedtka
@inmediaref,@justin_littman
@inmediaref,@CittadinidiTwtt
@inmediaref,@roncaglia
@inmediaref,@AngularJS_News
@inmediaref,@OpenRefine
@inmediaref,@PLAYmodena
@inmediaref,@lobsters
@inmediaref,@DataIsBeautiful
@inmediaref,@M_L_O_L
@inmediaref,@docker
@inmediaref,@M_L_O_L
@inmediaref,@pourmecoffee
@inmediaref,@marcobonzanini
@inmediaref,@andrewm4894
@inmediaref,@trent_hauck
@inmediaref,@aubreymcfato
@inmediaref,@cra
@inmediaref,@wikidata
@inmediaref,@kdnuggets
@inmediaref,@opendatadurban
@inmediaref,@thomasgpadilla
@inmediaref,@Grady_Booch
@inmediaref,@codinghorror
@inmediaref,@antoniafalcone
@inmediaref,@aubreymcfato
@inmediaref,@kdnuggets
@inmediaref,@FGRibreau
@inmediaref,@GianniBarlacchi
@inmediaref,@PacktPub
@inmediaref,@randal_olson
@inmediaref,@marcobonzanini
@inmediaref,@RzSkhr
@inmediaref,@malachi_sawyer
@inmediaref,@DominoDataLab
@inmediaref,@roncaglia
@inmediaref,@PacktPub
@inmediaref,@PacktPub
@inmediaref,@atomotic
@inmediaref,@ArturoResearch
@inmediaref,@BiblioSalaborsa
@inmediaref,@ArturoResearch
@inmediaref,@jfaltermeier
@inmediaref,@kaggle
@inmediaref,@kaggle
@inmediaref,@FrederickRolfe
@inmediaref,@lucasofri
@inmediaref,@LeftsideAnnie
@inmediaref,@EvoMRI
@inmediaref,@kaggle
